DATOS EPP,,,,,,DATOS EVALUACIÓN,,,,,,
#ID,TIPO EPP,SERVICIO ,ALTA (año),AÑOS,REQUIERE RX,INTEGRIDAD BLINDAJE,COSTURAS Y SUJECIONES,INTEGRIDAD EXTERNA,ESTADO,DESC,PARA REPARAR,COMENTARIOS
11828,Delantal,-,2025,1,NO,OK,Defectuoso,OK,BAJO RESERVA,FALSE,,PARA DESCARTE POR TIEMPO CADUCIDAD
11829,Delantal,-,2000,26,NO,Defectuoso,Defectuoso,OK,A DESCARTAR,FALSE,,PARA DESCARTE POR TIEMPO CADUCIDAD
11830,Delantal,-,2000,26,NO,Defectuoso,Defectuoso,OK,A DESCARTAR,FALSE,,PARA DESCARTE POR TIEMPO CADUCIDAD
10037,Delantal,Medicina Nuclear 1,2018,8,NO,OK,OK,OK,A DESCARTAR,FALSE,,EX 061808. RADIOSCOPIA OK
10187,Delantal,Contrastada Medico Residente,2019,7,NO,OK,OK,OK,A DESCARTAR,FALSE,,EX 121933
10188,Delantal,Contrastada Dr Rueda,2019,7,NO,OK,Defectuoso,OK,A DESCARTAR,FALSE,SI,EX 121936 (REFORZAR COSTURA HOMBRO)
11834,Delantal,Imagenes,2018,8,NO,OK,Defectuoso,Defectuoso,A DESCARTAR,FALSE,SI,EX 061810 (FALTAN TIRAS y LA TELA TIENE UN 7)
11835,Delantal,-,2000,26,NO,OK,Defectuoso,Defectuoso,A DESCARTAR,FALSE,,PARA DESCARTE. MANGA CORTADA Y ESTA COSIDO ENCIMA LA GOMA
11836,Delantal,Imagenes,2018,8,NO,OK,Defectuoso,OK,A DESCARTAR,FALSE,SI,EX 061813 (FALTAN TIRAS)
10015,Delantal,Imagenes,2018,8,NO,OK,Defectuoso,Defectuoso,A DESCARTAR,FALSE,SI,"EX 061814 (LA TIRA ESTA ATADA, FALTA GANCHO Y LA TELA TIENE UN 7 PEQUEÑO) radioscopia ok"
10029,Conj-Chaleco,Hemo -Peirone,2018,8,NO,OK,Defectuoso,OK,A DESCARTAR,FALSE,,"EX 071804 (VELCRO NO ADHIERE, LIMPIAR O REEMPLAZO?). RADIOSCOPIA OK"
10025,Conj-Pollera,Hemo - Sonia Albano,2018,8,NO,OK,OK,OK,A DESCARTAR,FALSE,,REPARADO
10024,Conj-Pollera,Hemo - Ballarino,2018,8,NO,OK,OK,OK,A DESCARTAR,FALSE,,REPARANDOSE
10032,Conj-Chaleco,-,2018,8,NO,OK,OK,OK,A DESCARTAR,FALSE,,REPARANDOSE
10179,Conj-Pollera,Hemo - Javier Oyola,2020,6,NO,OK,OK,Defectuoso,A DESCARTAR,FALSE,SI,"EX 082052, TIENE UN 7 SOBRE EL CINTO"
10182,Conj-Chaleco,Hemo -C Farias,2018,8,NO,OK,OK,OK,A DESCARTAR,FALSE,,EX 071803 . RADIOSCOPIA OK
10022,Conj-Pollera,Hemo -Ballarino,2018,8,NO,OK,Defectuoso,OK,A DESCARTAR,FALSE,,REPARADO
10023,Conj-Pollera,Hemo -C Farias,2018,8,NO,OK,Defectuoso,OK,A DESCARTAR,FALSE,SI,EX 071803 REPARANDOSE
10106,Tiroideo,Flor,2000,26,NO,Defectuoso,Defectuoso,Defectuoso,A DESCARTAR,FALSE,,PARA DESCARTE POR TIEMPO CADUCIDAD
10104,Tiroideo,-,2018,8,NO,OK,OK,OK,A DESCARTAR,FALSE,,RADIOSCOPIA OK
10007,Tiroideo,Medicina Nuclear 5,2018,8,NO,OK,OK,OK,A DESCARTAR,FALSE,,RADIOSCOPIA OK
10008,Tiroideo,Medicina Nuclear 4,2018,8,NO,OK,OK,OK,A DESCARTAR,FALSE,,RADIOSCOPIA OK
10009,Tiroideo,Medicina Nuclear 7,2000,26,NO,Defectuoso,Defectuoso,Defectuoso,A DESCARTAR,FALSE,,PARA DESCARTE MUY DETERIORADO
10091,Tiroideo,Medicina Nuclear 6 ,2018,8,NO,OK,OK,OK,A DESCARTAR,FALSE,,RADIOSCOPIA OK
10014,Tiroideo,Hemo - A Ferrero,2018,8,NO,OK,OK,OK,A DESCARTAR,FALSE,,REPARADO
10013,Tiroideo,Hemo - Ferrero,2018,8,NO,OK,OK,OK,A DESCARTAR,FALSE,,REPARADO
10012,Tiroideo,-,2018,8,NO,OK,Defectuoso,OK,A DESCARTAR,FALSE,,REPARANDOSE
11883,Tiroideo,TAC     ,2000,26,NO,Defectuoso,Defectuoso,Defectuoso,A DESCARTAR,FALSE,,PARA DESCARTE (MARCA APRONFLEX)
10099,Tiroideo,TAC     ,2018,8,NO,OK,Defectuoso,OK,A DESCARTAR,FALSE,SI,VELCRO DESCOSIDO
10094,Tiroideo,TAC     ,2018,8,NO,OK,OK,OK,A DESCARTAR,FALSE,,RADIOSCOPIA OK
11801,Delantal,Rx1,2000,26,NO,OK,OK,Defectuoso,A DESCARTAR,FALSE,,PARA DESCARTE POR TIEMPO CADUCIDAD
11802,Delantal,Rx1,2000,26,NO,Defectuoso,OK,OK,A DESCARTAR,FALSE,,Retapizado. DESCARTAR
11803,Delantal,-,2000,26,NO,Defectuoso,OK,Defectuoso,A DESCARTAR,FALSE,,PARA DESCARTE POR TIEMPO CADUCIDAD
10189,Delantal,Medicina Nuclear,2019,7,NO,OK,OK,OK,A DESCARTAR,FALSE,,ex 121937
10035,Delantal,Medicina Nuclear,2019,7,NO,OK,Defectuoso,OK,A DESCARTAR,FALSE,SI,ex 61807 broche roto
10190,Delantal,Rx Contrastada,2019,7,NO,OK,OK,OK,A DESCARTAR,FALSE,,ex 121934
10018,Delantal,TAC     ,2021,5,SI,OK,OK,Defectuoso,BAJO RESERVA,FALSE,SI,ex 171/21 rotura forro frente 7cm. RADIOSCOPIA OK
11808,Delantal,TAC     ,2021,5,SI,OK,OK,OK,BAJO RESERVA,FALSE,,ex 038/21
10002,Delantal,Imagenes,2018,8,NO,OK,Defectuoso,OK,A DESCARTAR,FALSE,SI,ex 61816 faltan tiras. RADIOSCOPIA OK
10003,Delantal,Rx,2019,7,NO,OK,OK,Defectuoso,A DESCARTAR,FALSE,,ex 121935 rotura forro frente 3cm . RADIOSCOPIA OK
10000,Delantal,Imag Sala 6,2018,8,NO,OK,OK,Defectuoso,A DESCARTAR,FALSE,SI,ex 61809 faltan tiras. RADIOSCOPIA OK
10001,Delantal,Rx,2018,8,NO,OK,OK,Defectuoso,A DESCARTAR,FALSE,SI,ex 61815 faltan tiras. RADIOSCOPIA OK
10021,Conj-Pollera,Hemo- Ferrero,2018,8,NO,OK,OK,OK,A DESCARTAR,FALSE,,REPARADO
10031,Conj-Chaleco,Hemo,2018,8,NO,OK,OK,OK,A DESCARTAR,FALSE,,ex 81805 limpiar velcro. RADIOSCOPIA ok
10170,Conj-Chaleco,Hemo,2018,8,NO,OK,OK,OK,A DESCARTAR,FALSE,,ex 81801 limpiar velcro. RADIOSCOPIA OK
10177,Conj-Pollera,Hemo,2018,8,NO,OK,OK,OK,A DESCARTAR,FALSE,,ex 81801 REPARADO
10020,Conj-Pollera,Hemo - Caeiro,2018,8,NO,OK,OK,OK,A DESCARTAR,FALSE,,REPARADO
10033,Conj-Chaleco,Hemo,2018,8,NO,OK,OK,OK,A DESCARTAR,FALSE,,REPARADO
10034,Conj-Chaleco,Hemo- Caeiro,2018,8,NO,OK,OK,OK,A DESCARTAR,FALSE,,ex 71807. REPARADO
10026,Conj-Pollera,Hemo,2018,8,NO,OK,OK,OK,A DESCARTAR,FALSE,,REPARANDOSE
10171,Conj-Chaleco,Hemo,2018,8,NO,OK,OK,OK,A DESCARTAR,FALSE,,REPARANDOSE
10019,Conj-Pollera,Hemo,2018,8,NO,OK,OK,OK,A DESCARTAR,FALSE,,abrojo sucio. RADIOSCOPIA OK
10027,Conj-Chaleco,Hemo,2018,8,NO,OK,OK,OK,A DESCARTAR,FALSE,,RADIOSCOPIA OK
10107,Tiroideo,-,2000,26,NO,Defectuoso,Defectuoso,Defectuoso,A DESCARTAR,FALSE,,abrojo  / goma endurecida. DESCARTE
10011,Tiroideo,Hemo,2018,8,NO,OK,OK,OK,A DESCARTAR,FALSE,,REPARADO
11826,Tiroideo,Hemo,2000,26,NO,Defectuoso,Defectuoso,Defectuoso,A DESCARTAR,FALSE,,goma endurecida. DESCARTE
10100,Tiroideo,Hemo,2000,26,NO,Defectuoso,Defectuoso,Defectuoso,A DESCARTAR,FALSE,,abrojo . DESCARTE. GOMA ENDURECIDA
10093,Tiroideo,Hemo,2018,8,NO,OK,OK,OK,A DESCARTAR,FALSE,,RADIOSCOPIA OK
10097,Tiroideo,Hemo,2018,8,NO,OK,OK,OK,A DESCARTAR,FALSE,,RADIOSCOPIA OK
10105,Tiroideo,Hemo,2018,8,NO,OK,OK,Defectuoso,A DESCARTAR,FALSE,,RADIOSCOPIA OK
10098,Tiroideo,-,2018,8,NO,OK,OK,OK,A DESCARTAR,FALSE,,RADIOSCOPIA OK
11859,Tiroideo,-,2010,16,NO,OK,Defectuoso,OK,A DESCARTAR,FALSE,,DESCARTE POR TIEMPO CADUCIDAD. REPARANDOSE
10005,Tiroideo,-,2018,8,NO,OK,OK,OK,A DESCARTAR,FALSE,,RADIOSCOPIA OK
10096,Tiroideo,TAC     ,2000,26,NO,OK,OK,OK,A DESCARTAR,FALSE,,DESCARTE GOMA ACARTONADA
10095,Tiroideo,TAC     ,2018,8,NO,OK,OK,OK,A DESCARTAR,FALSE,,RADIOSCOPIA OK
10092,Tiroideo,TAC     ,2018,8,NO,OK,OK,OK,A DESCARTAR,FALSE,,RADIOSCOPIA OK
10090,Tiroideo,-,2018,8,NO,OK,Defectuoso,Defectuoso,A DESCARTAR,FALSE,,abrojo. TELA SUPERIOR DESCOSIDA
11870,Tiroideo,-,2000,26,NO,OK,Defectuoso,OK,A DESCARTAR,FALSE,,abrojo
10111,Delantal,Quirofano,2019,7,NO,Defectuoso,OK,OK,A DESCARTAR,FALSE,,RADIOSCOPIA OK 
10168,Delantal,Quirofano,2018,8,NO,OK,OK,OK,A DESCARTAR,FALSE,SI,RADIOSCOPIA OK ESPALDA ROTA POR PRECINTOS 
10169,Delantal,Quirofano,2018,8,NO,OK,OK,OK,A DESCARTAR,FALSE,,RADIOSCOPIA OK
544,Delantal,Quirofano,2021,5,SI,OK,Defectuoso,OK,BAJO RESERVA,FALSE,SI,REEMPLAZO TIRAS
10162,Delantal,Quirofano,2022,4,NO,OK,Defectuoso,OK,BAJO RESERVA,FALSE,SI,REEMPLAZO TIRAS. RADIOSC OK ----4/8
1943,Tiroideo,Quirofano,2022,4,NO,OK,OK,OK,APROBADO,FALSE,,
10113,Delantal,Quirofano,2018,8,NO,OK,OK,OK,A DESCARTAR,FALSE,,RADIOSCOPIA OK
10110,Delantal,Quirofano,2018,8,NO,OK,OK,OK,A DESCARTAR,FALSE,SI,"REEMPLAZO TIRAS, RADIOSCOPIA OK"
121932,Delantal,Quirofano,2019,7,NO,OK,OK,OK,A DESCARTAR,FALSE,,RX POR PLOMO ARRUGADO ABAJO
10116,Delantal,Quirofano,2018,8,NO,OK,OK,OK,A DESCARTAR,FALSE,SI,REEMPLAZO TIRAS. RADIOSCOPIA OK
10117,Delantal,Quirofano,2018,8,NO,OK,OK,OK,A DESCARTAR,FALSE,SI,REEMPLAZO TIRAS. RADIOSCOPIA OK
10112,Delantal,Quirofano,2018,8,NO,OK,OK,OK,A DESCARTAR,FALSE,SI,REEMPLAZO TIRAS. RADIOSCOPIA OK
11891,Tiroideo,Quirofano,2019,7,NO,OK,OK,OK,A DESCARTAR,FALSE,,
10126,Tiroideo,Quirofano,2000,26,NO,Defectuoso,OK,OK,A DESCARTAR,FALSE,,DESCARTE POR GRIETA. IMAGEN 
10118,Tiroideo,Quirofano,2000,26,NO,Defectuoso,OK,OK,A DESCARTAR,FALSE,,DESCARTE. IMAGEN 
11895,Tiroideo,Quirofano,2019,7,NO,OK,OK,OK,A DESCARTAR,FALSE,,
10127,Tiroideo,Quirofano,2000,26,NO,OK,OK,OK,A DESCARTAR,FALSE,,PARA DESCARTAR. IMAGEN 
10124,Tiroideo,Quirofano,2018,8,NO,OK,OK,OK,A DESCARTAR,FALSE,,RADIOSCOPIA OK
11898,Tiroideo,Quirofano,2000,26,NO,OK,OK,OK,A DESCARTAR,FALSE,,
10128,Tiroideo,Quirofano,2018,8,NO,OK,OK,OK,A DESCARTAR,FALSE,,RADIOSCOPIA OK
10120,Tiroideo,Quirofano,2018,8,NO,OK,OK,OK,A DESCARTAR,FALSE,,RADIOSCOPIA OK
10123,Tiroideo,Quirofano,2018,8,NO,OK,OK,OK,A DESCARTAR,FALSE,,RADIOSCOPIA OK
11772,Tiroideo,Quirofano,2019,7,NO,OK,OK,OK,A DESCARTAR,FALSE,,
11773,Tiroideo,Quirofano,2019,7,NO,OK,OK,OK,A DESCARTAR,FALSE,,
10125,Tiroideo,Quirofano,2018,8,NO,OK,OK,OK,A DESCARTAR,FALSE,,RADIOSCOPIA OK
10119,Tiroideo,Quirofano,2018,8,NO,OK,OK,OK,A DESCARTAR,FALSE,,RADIOSCOPIA OK
11776,Tiroideo,Quirofano,2019,7,NO,OK,OK,OK,A DESCARTAR,FALSE,,
11777,Tiroideo,Quirofano,2000,26,NO,Defectuoso,OK,OK,A DESCARTAR,FALSE,,DESCARTAR
10122,Tiroideo,Quirofano,2018,8,NO,Defectuoso,OK,OK,A DESCARTAR,FALSE,,RADIOSCOPIA OK
11779,Tiroideo,Quirofano,2019,7,NO,OK,OK,OK,A DESCARTAR,FALSE,,
10164,Delantal,Quirofano,2021,5,SI,OK,Defectuoso,OK,BAJO RESERVA,FALSE,SI,"OJO COSTURAS HOMBROS, REFORZAR PRENDE DE UN HILO"
10109,Delantal,Quirofano,2018,8,NO,OK,OK,OK,A DESCARTAR,FALSE,SI,REEMPLAZAR TIRAS. RADIOSCOPIA OK
10115,Delantal,Quirofano,2018,8,NO,OK,OK,OK,A DESCARTAR,FALSE,SI,REEMPLAZAR TIRAS. RADIOSCOPIA OK
10166,Delantal,Quirofano,2021,5,SI,OK,Defectuoso,OK,BAJO RESERVA,FALSE,SI,"OJO COSTURAS HOMBROS, REFORZAR Y REEMPLAZO TIRAS. RADIOSCOPIA OK"
10163,Delantal,Quirofano,2021,5,SI,OK,Defectuoso,OK,BAJO RESERVA,FALSE,SI,"OJO COSTURAS HOMBROS , REFORZAR Y REEMPLAZO TIRAS. RADIOSCOP OK 4-8"
10167,Delantal,Quirofano,2021,5,SI,OK,Defectuoso,OK,BAJO RESERVA,FALSE,SI,"OJO COSTURAS HOMBROS , REFORZAR Y REEMPLAZO TIRAS. RADIOSC OK "
10114,Delantal,Quirofano,2018,8,NO,OK,OK,OK,A DESCARTAR,FALSE,SI,REEMPLAZAR TIRAS. RADIOSCOPIA OK
10165,Delantal,Quirofano,2021,5,SI,OK,Defectuoso,OK,BAJO RESERVA,FALSE,SI,"OJO COSTURAS HOMBROS , REFORZAR Y REEMPLAZO TIRAS. RADIOSCOPIA OK "
121939,Delantal,Pediatria,2019,7,NO,OK,OK,OK,A DESCARTAR,FALSE,,
121939,Tiroideo,Pediatria,2019,7,NO,OK,OK,OK,A DESCARTAR,FALSE,,
121938,Delantal,Quirofano,2019,7,NO,OK,OK,OK,A DESCARTAR,FALSE,,
121940,Delantal,Neonatologia,2019,7,NO,OK,OK,OK,A DESCARTAR,FALSE,,
10030,Conj-Chaleco,Hemo,2018,8,NO,OK,OK,OK,A DESCARTAR,FALSE,,REPARADO
10017,Delantal,Mamo,2018,8,NO,OK,OK,OK,A DESCARTAR,FALSE,,RADIOSCOPIA OK
10016,Delantal,Mamo,2021,5,SI,OK,OK,OK,BAJO RESERVA,FALSE,,
10010,Tiroideo,MAmo,2018,8,NO,OK,OK,OK,A DESCARTAR,FALSE,,RADIOSCOPIA OK
10006,Delantal,Sala 1,2000,26,NO,OK,OK,OK,A DESCARTAR,FALSE,,"NO PASA RADIOSCOPIA. DELANTAL MUY VIEJO, GOMA PEGADA INTERNAMENTE , IMAGEN . "
10004,Tiroideo,Mamo,2021,5,SI,OK,OK,OK,BAJO RESERVA,FALSE,,
10121,Tiroideo,Quirofano,2018,8,NO,OK,OK,OK,A DESCARTAR,FALSE,,RADIOSCOPIA OK 
10172,Conj-Pollera,Hemo -OJN,2018,8,NO,OK,OK,OK,A DESCARTAR,FALSE,,REPARADO 
10173,Conj-Pollera,Hemo,2018,8,NO,OK,OK,OK,A DESCARTAR,FALSE,,"ex 081802, RADIOSCOPIA OK "
10174,Conj-Chaleco,Hemo - Oyola,2020,6,NO,OK,OK,OK,A DESCARTAR,FALSE,,REPARADO 
10175,Conj-Chaleco,Hemo - Sonia,2020,6,NO,OK,OK,Defectuoso,A DESCARTAR,FALSE,,ex 082054. REPARANDOSE
10176,Conj-Pollera,Hemo - Sonia,2020,6,NO,OK,OK,Defectuoso,A DESCARTAR,FALSE,,ex 082054   REPARANDOSE
10178,Conj-Pollera,Hemo,2020,6,NO,OK,OK,OK,A DESCARTAR,FALSE,,ex 082051  REPARANDOSE
10181,Tiroideo,Hemo - Kiran,2021,5,SI,OK,OK,OK,BAJO RESERVA,FALSE,,
10183,Conj-Chaleco,Hemo - Virginia Lopez,2018,8,NO,OK,OK,OK,A DESCARTAR,FALSE,,ex 081802. RADIOSCOPIA OK
10184,Delantal,Hemo,2020,6,NO,OK,OK,OK,A DESCARTAR,FALSE,,ex 082056
10185,Delantal,Hemo,2020,6,NO,OK,OK,OK,A DESCARTAR,FALSE,,ex 082055
10186,Delantal,Hemo,2019,7,NO,OK,Defectuoso,Defectuoso,A DESCARTAR,FALSE,SI ,ex 071901. tiras y tela espalda rotas
61817,Delantal,quirofano,2018,8,NO,OK,Defectuoso,OK,A DESCARTAR,FALSE,SI ,ex 061818 
10184,Delantal,Hemodinamia,2020,6,NO,OK,OK,OK,A DESCARTAR,FALSE,,REPARADO
10211,Conj-Pollera,Hemo - Alejandro estrada,2020,6,NO,OK,OK,OK,A DESCARTAR,FALSE,,REPARADO
00001,Tiroideo,Hemo - Javier Oyola,2018,8,NO,OK,OK,OK,A DESCARTAR,FALSE,,REPARADO   
11863,Tiroideo,Hemo,2018,8,NO,OK,OK,OK,A DESCARTAR,FALSE,,
11860,Tiroideo,Hemo,2018,8,NO,OK,OK,OK,A DESCARTAR,FALSE,,
8297507,Tiroideo,Quirofano,2022,4,NO,OK,OK,OK,APROBADO,FALSE,,
8297526,Tiroideo,Quirofano,2016,10,NO,OK,OK,OK,A DESCARTAR,FALSE,,
8297552,Tiroideo,Quirofano,2016,10,NO,OK,OK,OK,A DESCARTAR,FALSE,,
25301001,Delantal,,2025,1,NO,OK,OK,OK,,,,
25301002,Delantal,,2025,1,NO,OK,OK,OK,,,,
151125-01,Tiroideo,Quirofano HRF,2017,9,SI,OK,Defectuoso,OK,A DESCARTAR,ABROJOS NO ADHIEREN,,
151125-02,Tiroideo,Quirofano HRF,2017,9,SI,OK,Defectuoso,OK,A DESCARTAR,ABROJOS NO ADHIEREN,,
151125-03,Tiroideo,Quirofano HRF,2017,9,SI,OK,Defectuoso,OK,A DESCARTAR,ABROJOS NO ADHIEREN,,
151125-04,Tiroideo,Quirofano HRF,2017,9,SI,OK,Defectuoso,OK,A DESCARTAR,ABROJOS NO ADHIEREN,,
151125-05,Tiroideo,Quirofano HRF,2017,9,SI,OK,Defectuoso,OK,A DESCARTAR,ABROJOS NO ADHIEREN,,
151125-06,Tiroideo,Quirofano HRF,2017,9,SI,OK,Defectuoso,OK,A DESCARTAR,ABROJOS NO ADHIEREN,,
151125-07,Tiroideo,Quirofano HRF,2017,9,SI,OK,Defectuoso,OK,A DESCARTAR,ABROJOS NO ADHIEREN,,
151125-08,Tiroideo,Quirofano HRF,2017,9,SI,OK,Defectuoso,OK,A DESCARTAR,ABROJOS NO ADHIEREN,,
151125-09,Conj-Pollera,Quirofano HRF,2017,9,SI,OK,OK,OK,A DESCARTAR,POLLERA EX COD 121702,,
151125-10,Delantal,Quirofano HRF,2021,5,SI,OK,OK,OK,BAJO RESERVA,EX COD 310,,
151125-11,Conj-Chaleco,Quirofano HRF,2017,9,SI,OK,OK,OK,A DESCARTAR,,,
151125-12,Conj-Pollera,Quirofano HRF,2017,9,SI,OK,OK,OK,A DESCARTAR,EX COD 121704,,
151125-13,Conj-Pollera,Quirofano HRF,2017,9,SI,OK,OK,OK,A DESCARTAR,EX COD 121703,,
151125-14,Conj-Pollera,Quirofano HRF,2017,9,SI,OK,OK,OK,A DESCARTAR,EX COD 121705,,
151125-15,Delantal,Quirofano HRF,2021,5,SI,OK,OK,OK,BAJO RESERVA,EX COD 10,,
151125-16,Delantal,Quirofano HRF,2021,5,SI,OK,OK,OK,BAJO RESERVA,EX COD 548,,
151125-17,Conj-Chaleco,Quirofano HRF,2017,9,SI,OK,OK,OK,A DESCARTAR,EX COD 121705,,
151125-18,Conj-Chaleco,Quirofano HRF,2017,9,SI,OK,OK,OK,A DESCARTAR,,,
151125-19,Conj-Chaleco,Quirofano HRF,2017,9,SI,OK,OK,OK,A DESCARTAR,EX COD 121703,,
151125-20,Delantal,Quirofano HRF,2021,5,SI,OK,Defectuoso,OK,BAJO RESERVA,"EX COD 547, MANGA COMPLETAMENTE DESCOSIDA",,
,Tiroideo,,,,,,,,,,,
,Tiroideo,,,,,,,,,,,